name;year;GRBS;type;НАРУШЕНИЯ;СУММА
Проверка целевого и эффективного использования средств бюджета Московской области, направленных в 2018 году на финансовое обеспечение государственного задания государственному бюджетному учреждению Московской области Мосавтодор» в части выполнения работ по содержанию и ремонту автомобильных дорог общего пользования;2019;МИНИСТЕРСТВО ТРАНСПОРТА И ДОРОЖНОЙ ИНФРАСТРУКТУРЫ МОСКОВСКОЙ ОБЛАСТИ;Контрольное;50;61555,24
Проверка целевого и эффективного использования средств бюджета Московской области, направленных в 2018 году на финансовое обеспечение государственного задания государственному бюджетному учреждению Московской области Мосавтодор» в части выполнения работ по содержанию и ремонту автомобильных дорог общего пользования;2019;"ГОСУДАРСТВЕННОЕ БЮДЖЕТНОЕ УЧРЕЖДЕНИЕ МОСКОВСКОЙ ОБЛАСТИ ""МОСАВТОДОР""";Контрольное;668;5343538,68
Проверка соблюдения установленного порядка управления и распоряжения имуществом, находящимся в государственной собственности, закрепленным за Государственным унитарным предприятием пассажирского автомобильного транспорта Московской области Мострансавто», а также отдельного имущества в Государственном унитарном предприятии городского электрического транспорта Московской области Мособлэлектротранс» по обращению Общероссийского общественного движения НАРОДНЫЙ ФРОНТ ЗА РОССИЮ»;2019;"ГОСУДАРСТВЕННОЕ УНИТАРНОЕ ПРЕДПРИЯТИЕ ГОРОДСКОГО ЭЛЕКТРИЧЕСКОГО ТРАНСПОРТА МОСКОВСКОЙ ОБЛАСТИ ""МОСОБЛЭЛЕКТРОТРАНС""";Контрольное;21;4535,6
Проверка соблюдения установленного порядка управления и распоряжения имуществом, находящимся в государственной собственности, закрепленным за Государственным унитарным предприятием пассажирского автомобильного транспорта Московской области Мострансавто», а также отдельного имущества в Государственном унитарном предприятии городского электрического транспорта Московской области Мособлэлектротранс» по обращению Общероссийского общественного движения НАРОДНЫЙ ФРОНТ ЗА РОССИЮ»;2019;"ГОСУДАРСТВЕННОЕ УНИТАРНОЕ ПРЕДПРИЯТИЕ ПАССАЖИРСКОГО АВТОМОБИЛЬНОГО ТРАНСПОРТА МОСКОВСКОЙ ОБЛАСТИ ""МОСТРАНСАВТО""";Контрольное;714;261548,83
Проверка эффективности и результативности использования бюджетных средств, выделенных в 2018 году администрации городского округа Егорьевск на реализацию мероприятий на создание (организацию) объектов (мест) захоронения, накопления твердых коммунальных отходов в рамках подпрограммы Региональная программа в области обращения с отходами, в том числе с твердыми коммунальными отходами» Государственной программы Московской области Экология и окружающая среда Подмосковья» на 2017 2026 годы (совместно с контрольно счетной палатой городского;2019;МИНИСТЕРСТВО ЭКОЛОГИИ И ПРИРОДОПОЛЬЗОВАНИЯ МОСКОВСКОЙ ОБЛАСТИ;Контрольное;2;0
Проверка эффективности и результативности использования бюджетных средств, выделенных в 2018 году администрации городского округа Егорьевск на реализацию мероприятий на создание (организацию) объектов (мест) захоронения, накопления твердых коммунальных отходов в рамках подпрограммы Региональная программа в области обращения с отходами, в том числе с твердыми коммунальными отходами» Государственной программы Московской области Экология и окружающая среда Подмосковья» на 2017 2026 годы (совместно с контрольно счетной палатой городского;2019;АДМИНИСТРАЦИЯ ГОРОДСКОГО ОКРУГА ЕГОРЬЕВСК МОСКОВСКОЙ ОБЛАСТИ;Контрольное;16;901,92
Проверка целевого и результативного использования средств бюджета Московской области, предусмотренных на создание, развитие и поддержку региональных межведомственных информационных систем общего пользования, выделенных Министерству государственного управления, информационных технологий и связи Московской области в 2017   2018 годах на реализацию отдельных мероприятий государственных программ Московской области Эффективная власть» на 2017 2021 годы и Цифровое Подмосковье» на 2018 2024 годы (с элементами аудита в сфере закупок);2019;МИНИСТЕРСТВО ГОСУДАРСТВЕННОГО УПРАВЛЕНИЯ, ИНФОРМАЦИОННЫХ ТЕХНОЛОГИЙ И СВЯЗИ МОСКОВСКОЙ ОБЛАСТИ;Контрольное;279;290249,5
Проверка целевого и результативного использования средств бюджета Московской области, предусмотренных на создание, развитие и поддержку региональных межведомственных информационных систем общего пользования, выделенных Министерству государственного управления, информационных технологий и связи Московской области в 2017   2018 годах на реализацию отдельных мероприятий государственных программ Московской области Эффективная власть» на 2017 2021 годы и Цифровое Подмосковье» на 2018 2024 годы (с элементами аудита в сфере закупок);2019;"ГОСУДАРСТВЕННОЕ КАЗЕННОЕ УЧРЕЖДЕНИЕ МОСКОВСКОЙ ОБЛАСТИ ""МОСКОВСКИЙ ОБЛАСТНОЙ ЦЕНТР ИНФОРМАЦИОННО-КОММУНИКАЦИОННЫХ ТЕХНОЛОГИЙ""";Контрольное;65;155,3
Проверка законности расходования бюджетных средств при предоставлении администрацией городского округа Серпухов субсидии юридическим лицам на возмещение недополученных доходов и (или) финансовое обеспечение затрат в целях организации обеспечения надежного теплоснабжения потребителей, в том числе бесперебойного оказания коммунальных услуг по отоплению и горячему водоснабжению (совместно с Контрольно счетной палатой городского округа Серпухов);2019;АДМИНИСТРАЦИЯ ГОРОДСКОГО ОКРУГА СЕРПУХОВ МОСКОВСКОЙ ОБЛАСТИ;Контрольное;5;0
Проверка законности расходования бюджетных средств при предоставлении администрацией городского округа Серпухов субсидии юридическим лицам на возмещение недополученных доходов и (или) финансовое обеспечение затрат в целях организации обеспечения надежного теплоснабжения потребителей, в том числе бесперебойного оказания коммунальных услуг по отоплению и горячему водоснабжению (совместно с Контрольно счетной палатой городского округа Серпухов);2019;"МУНИЦИПАЛЬНОЕ КАЗЕННОЕ УЧРЕЖДЕНИЕ ""УПРАВЛЕНИЕ ЖИЛИЩНО-КОММУНАЛЬНОГО ХОЗЯЙСТВА ГОРОДСКОГО ОКРУГА СЕРПУХОВ""";Контрольное;1;0
Проверка законности расходования бюджетных средств при предоставлении администрацией городского округа Серпухов субсидии юридическим лицам на возмещение недополученных доходов и (или) финансовое обеспечение затрат в целях организации обеспечения надежного теплоснабжения потребителей, в том числе бесперебойного оказания коммунальных услуг по отоплению и горячему водоснабжению (совместно с Контрольно счетной палатой городского округа Серпухов);2019;"МУНИЦИПАЛЬНОЕ УНИТАРНОЕ ПРЕДПРИЯТИЕ ГОРОДА СЕРПУХОВА МОСКОВСКОЙ ОБЛАСТИ ""СЕРПУХОВСКАЯ ТЕПЛОСЕТЬ""";Контрольное;0;0
Проверка законности расходования бюджетных средств при предоставлении администрацией городского округа Серпухов субсидии юридическим лицам на возмещение недополученных доходов и (или) финансовое обеспечение затрат в целях организации обеспечения надежного теплоснабжения потребителей, в том числе бесперебойного оказания коммунальных услуг по отоплению и горячему водоснабжению (совместно с Контрольно счетной палатой городского округа Серпухов);2019;МИНИСТЕРСТВО ЖИЛИЩНО-КОММУНАЛЬНОГО ХОЗЯЙСТВА МОСКОВСКОЙ ОБЛАСТИ;Контрольное;1;0
Проверка предоставления мер социальной поддержки в виде компенсации стоимости оплаты жилого помещения и коммунальных услуг лицам, работающим и имеющим место жительства в сельских населенных пунктах и поселках городского типа (с оценкой рисков возникновения коррупционных проявлений);2019;МИНИСТЕРСТВО СОЦИАЛЬНОГО РАЗВИТИЯ МОСКОВСКОЙ ОБЛАСТИ;Контрольное;629;1046,34
Проверка предоставления мер социальной поддержки в виде компенсации стоимости оплаты жилого помещения и коммунальных услуг лицам, работающим и имеющим место жительства в сельских населенных пунктах и поселках городского типа (с оценкой рисков возникновения коррупционных проявлений);2019;"ГОСУДАРСТВЕННОЕ КАЗЕННОЕ УЧРЕЖДЕНИЕ МОСКОВСКОЙ ОБЛАСТИ ""ЕДИНЫЙ ВЫПЛАТНОЙ ЦЕНТР МИНИСТЕРСТВА СОЦИАЛЬНОГО РАЗВИТИЯ МОСКОВСКОЙ ОБЛАСТИ""";Контрольное;141;1853,54
Проверка целевого и эффективного использования средств бюджета Московской области, направленных на финансовое обеспечение и выполнение государственного задания на оказание государственных услуг (выполнение работ), а также проверка вопросов, изложенных в обращении Грибова Р.С., в Управлении делами Губернатора Московской области и Правительства Московской области и Государственном бюджетном учреждении Московской области Оздоровительный комплекс Левково» (с элементами аудита в сфере закупок);2019;УПРАВЛЕНИЕ ДЕЛАМИ ГУБЕРНАТОРА МОСКОВСКОЙ ОБЛАСТИ И ПРАВИТЕЛЬСТВА МОСКОВСКОЙ ОБЛАСТИ;Контрольное;20;1171,63
Проверка целевого и эффективного использования средств бюджета Московской области, направленных на финансовое обеспечение и выполнение государственного задания на оказание государственных услуг (выполнение работ), а также проверка вопросов, изложенных в обращении Грибова Р.С., в Управлении делами Губернатора Московской области и Правительства Московской области и Государственном бюджетном учреждении Московской области Оздоровительный комплекс Левково» (с элементами аудита в сфере закупок);2019;"ГОСУДАРСТВЕННОЕ БЮДЖЕТНОЕ УЧРЕЖДЕНИЕ МОСКОВСКОЙ ОБЛАСТИ ""ОЗДОРОВИТЕЛЬНЫЙ КОМПЛЕКС ""ЛЕВКОВО""";Контрольное;460;21534,3
Проверка соблюдения администрациями городских округов Электрогорск и Подольск условий соглашений о реструктуризации задолженности от 20.12.2018 № РЗМ 05/18 и от 20.12.2017 № РЗМ 08/17 по бюджетным кредитам, предоставленным из бюджета Московской области;2019;АДМИНИСТРАЦИЯ ГОРОДСКОГО ОКРУГА ЭЛЕКТРОГОРСК МОСКОВСКОЙ ОБЛАСТИ;Контрольное;15;10000
Проверка соблюдения администрациями городских округов Электрогорск и Подольск условий соглашений о реструктуризации задолженности от 20.12.2018 № РЗМ 05/18 и от 20.12.2017 № РЗМ 08/17 по бюджетным кредитам, предоставленным из бюджета Московской области;2019;АДМИНИСТРАЦИЯ ГОРОДСКОГО ОКРУГА ПОДОЛЬСК;Контрольное;18;25000
Проверка расходования средств бюджета Московской области, предоставленных в 2017 году городскому поселению Загорянский Щелковского муниципального района в форме субсидий на капитальный ремонт водозаборного узла по улице Льва Толстого и ремонт автомобильной дороги по улице Комсомольская в дачном поселке Загорянский;2019;АДМИНИСТРАЦИЯ ГОРОДСКОГО ОКРУГА ЩЁЛКОВО МОСКОВСКОЙ ОБЛАСТИ;Контрольное;13;3737,8
Проверка расходования средств бюджета Московской области, предоставленных в 2017 году городскому поселению Загорянский Щелковского муниципального района в форме субсидий на капитальный ремонт водозаборного узла по улице Льва Толстого и ремонт автомобильной дороги по улице Комсомольская в дачном поселке Загорянский;2019;"МУНИЦИПАЛЬНОЕ УНИТАРНОЕ ПРЕДПРИЯТИЕ ЩЁЛКОВСКОГО МУНИЦИПАЛЬНОГО РАЙОНА ""МЕЖРАЙОННЫЙ ЩЁЛКОВСКИЙ ВОДОКАНАЛ""";Контрольное;15;43634,61
Проверка законности и результативности использования денежных средств, выделенных Управлению по обеспечению деятельности противопожарно спасательной службы Московской области и Государственному казенному учреждению Московской области Московская областная противопожарно спасательная служба» в 2017 году на реализацию государственной программы Московской области Безопасность Подмосковья» на 2017 2021 годы (с предложениями по совершенствованию осуществления внутреннего финансового контроля и внутреннего финансового аудита, с элементами аудита в сфере закупок);2018;УПРАВЛЕНИЕ ПО ОБЕСПЕЧЕНИЮ ДЕЯТЕЛЬНОСТИ ПРОТИВОПОЖАРНО-СПАСАТЕЛЬНОЙ СЛУЖБЫ МОСКОВСКОЙ ОБЛАСТИ;Контрольное;38;10880,5
Проверка законности и результативности использования денежных средств, выделенных Управлению по обеспечению деятельности противопожарно спасательной службы Московской области и Государственному казенному учреждению Московской области Московская областная противопожарно спасательная служба» в 2017 году на реализацию государственной программы Московской области Безопасность Подмосковья» на 2017 2021 годы (с предложениями по совершенствованию осуществления внутреннего финансового контроля и внутреннего финансового аудита, с элементами аудита в сфере закупок);2018;"ГОСУДАРСТВЕННОЕ КАЗЕННОЕ УЧРЕЖДЕНИЕ МОСКОВСКОЙ ОБЛАСТИ ""МОСКОВСКАЯ ОБЛАСТНАЯ ПРОТИВОПОЖАРНО-СПАСАТЕЛЬНАЯ СЛУЖБА""";Контрольное;29;5870,9
Аудит расходования средств бюджета Московской области, выделенных в 2017 году и истекшем периоде 2018 года на исполнение отдельных мероприятий Подпрограммы 6 Обеспечивающая подпрограмма» государственной программы Московской области Жилище» на 2017–2027 годы (с предложениями по совершенствованию осуществления внутреннего финансового контроля и внутреннего финансового аудита, с элементами аудита в сфере закупок);2018;"ГОСУДАРСТВЕННОЕ БЮДЖЕТНОЕ УЧРЕЖДЕНИЕ МОСКОВСКОЙ ОБЛАСТИ ""НАУЧНО-ИССЛЕДОВАТЕЛЬСКИЙ ИНСТИТУТ КОМПЛЕКСНОГО ПРОЕКТИРОВАНИЯ""";Контрольное;38;66101,15
Аудит расходования средств бюджета Московской области, выделенных в 2017 году и истекшем периоде 2018 года на исполнение отдельных мероприятий Подпрограммы 6 Обеспечивающая подпрограмма» государственной программы Московской области Жилище» на 2017–2027 годы (с предложениями по совершенствованию осуществления внутреннего финансового контроля и внутреннего финансового аудита, с элементами аудита в сфере закупок);2018;МИНИСТЕРСТВО СТРОИТЕЛЬНОГО КОМПЛЕКСА МОСКОВСКОЙ ОБЛАСТИ;Контрольное;52;567206,5
Аудит расходования средств бюджета Московской области, выделенных в 2017 году и истекшем периоде 2018 года на исполнение отдельных мероприятий Подпрограммы 6 Обеспечивающая подпрограмма» государственной программы Московской области Жилище» на 2017–2027 годы (с предложениями по совершенствованию осуществления внутреннего финансового контроля и внутреннего финансового аудита, с элементами аудита в сфере закупок);2018;"ГОСУДАРСТВЕННОЕ КАЗЕННОЕ УЧРЕЖДЕНИЕ МОСКОВСКОЙ ОБЛАСТИ ""УПРАВЛЕНИЕ КОНТРОЛЯ ЗА СТРОИТЕЛЬСТВОМ""";Контрольное;10;6677,6
Аудит расходования средств бюджета Московской области, выделенных в 2017 году и истекшем периоде 2018 года на исполнение отдельных мероприятий Подпрограммы 6 Обеспечивающая подпрограмма» государственной программы Московской области Жилище» на 2017–2027 годы (с предложениями по совершенствованию осуществления внутреннего финансового контроля и внутреннего финансового аудита, с элементами аудита в сфере закупок);2018;"ГОСУДАРСТВЕННОЕ БЮДЖЕТНОЕ УЧРЕЖДЕНИЕ МОСКОВСКОЙ ОБЛАСТИ ""ЦЕНТР СОДЕЙСТВИЯ РАЗВИТИЮ ГРАДОСТРОИТЕЛЬНОЙ ДЕЯТЕЛЬНОСТИ В МОСКОВСКОЙ ОБЛАСТИ""";Контрольное;13;37398,4
Аудит расходования средств бюджета Московской области, выделенных в 2017 году и истекшем периоде 2018 года на исполнение отдельных мероприятий Подпрограммы 6 Обеспечивающая подпрограмма» государственной программы Московской области Жилище» на 2017–2027 годы (с предложениями по совершенствованию осуществления внутреннего финансового контроля и внутреннего финансового аудита, с элементами аудита в сфере закупок);2018;"ГОСУДАРСТВЕННОЕ БЮДЖЕТНОЕ УЧРЕЖДЕНИЕ МОСКОВСКОЙ ОБЛАСТИ ""ЦЕНТР СОПРОВОЖДЕНИЯ ТОРГОВ""";Контрольное;9;1418,2
Проверка администрирования доходов от платы за негативное воздействие на окружающую среду от размещения отходов и экологического сбора, а также расходования средств федерального бюджета на реализацию приоритетного проекта Чистая страна», в том числе в части реализации мероприятий в сфере обращения с твердыми коммунальными отходами в 2016 2017 годах» (совместно со Счетной палатой Российской Федерации);2018;МИНИСТЕРСТВО ЭКОЛОГИИ И ПРИРОДОПОЛЬЗОВАНИЯ МОСКОВСКОЙ ОБЛАСТИ;Контрольное;0;0
Проверка администрирования доходов от платы за негативное воздействие на окружающую среду от размещения отходов и экологического сбора, а также расходования средств федерального бюджета на реализацию приоритетного проекта Чистая страна», в том числе в части реализации мероприятий в сфере обращения с твердыми коммунальными отходами в 2016 2017 годах» (совместно со Счетной палатой Российской Федерации);2018;АДМИНИСТРАЦИЯ ГОРОДСКОГО ОКРУГА ЭЛЕКТРОСТАЛЬ МОСКОВСКОЙ ОБЛАСТИ;Контрольное;0;0
Проверка администрирования доходов от платы за негативное воздействие на окружающую среду от размещения отходов и экологического сбора, а также расходования средств федерального бюджета на реализацию приоритетного проекта Чистая страна», в том числе в части реализации мероприятий в сфере обращения с твердыми коммунальными отходами в 2016 2017 годах» (совместно со Счетной палатой Российской Федерации);2018;АДМИНИСТРАЦИЯ ГОРОДСКОГО ОКРУГА КАШИРА;Контрольное;0;0
Проверка администрирования доходов от платы за негативное воздействие на окружающую среду от размещения отходов и экологического сбора, а также расходования средств федерального бюджета на реализацию приоритетного проекта Чистая страна», в том числе в части реализации мероприятий в сфере обращения с твердыми коммунальными отходами в 2016 2017 годах» (совместно со Счетной палатой Российской Федерации);2018;АДМИНИСТРАЦИЯ ГОРОДСКОГО ОКРУГА ПАВЛОВСКИЙ ПОСАД МОСКОВСКОЙ ОБЛАСТИ;Контрольное;0;0
Аудит реализации и эффективности мероприятий подпрограмм Сохранение, использование, популяризация и государственная охрана объектов культурного наследия (памятников истории и культуры) народов Российской Федерации» и Развитие музейного дела и народных художественных промыслов в Московской области» государственной программы Московской области Культура Подмосковья» на 2017  2021 годы в Министерстве культуры Московской области и Главном правлении культурного наследия Московской области в 2017 году и истекшем периоде 2018 года (с предложениями по совершенствованию осуществления внутреннего финансового контроля и внутреннего финансового аудита, с элементами аудита в сфере закупок) (совместно с контрольно счетными органами муниципальных образований Московской области);2018;МИНИСТЕРСТВО КУЛЬТУРЫ МОСКОВСКОЙ ОБЛАСТИ;Контрольное;121;97020,72
Аудит реализации и эффективности мероприятий подпрограмм Сохранение, использование, популяризация и государственная охрана объектов культурного наследия (памятников истории и культуры) народов Российской Федерации» и Развитие музейного дела и народных художественных промыслов в Московской области» государственной программы Московской области Культура Подмосковья» на 2017  2021 годы в Министерстве культуры Московской области и Главном правлении культурного наследия Московской области в 2017 году и истекшем периоде 2018 года (с предложениями по совершенствованию осуществления внутреннего финансового контроля и внутреннего финансового аудита, с элементами аудита в сфере закупок) (совместно с контрольно счетными органами муниципальных образований Московской области);2018;ГЛАВНОЕ УПРАВЛЕНИЕ КУЛЬТУРНОГО НАСЛЕДИЯ МОСКОВСКОЙ ОБЛАСТИ;Контрольное;114;27534,2
Аудит реализации и эффективности мероприятий подпрограмм Сохранение, использование, популяризация и государственная охрана объектов культурного наследия (памятников истории и культуры) народов Российской Федерации» и Развитие музейного дела и народных художественных промыслов в Московской области» государственной программы Московской области Культура Подмосковья» на 2017  2021 годы в Министерстве культуры Московской области и Главном правлении культурного наследия Московской области в 2017 году и истекшем периоде 2018 года (с предложениями по совершенствованию осуществления внутреннего финансового контроля и внутреннего финансового аудита, с элементами аудита в сфере закупок) (совместно с контрольно счетными органами муниципальных образований Московской области);2018;АДМИНИСТРАЦИЯ ОРЕХОВО-ЗУЕВСКОГО ГОРОДСКОГО ОКРУГА МОСКОВСКОЙ ОБЛАСТИ;Контрольное;7;139,6
Аудит реализации и эффективности мероприятий подпрограмм Сохранение, использование, популяризация и государственная охрана объектов культурного наследия (памятников истории и культуры) народов Российской Федерации» и Развитие музейного дела и народных художественных промыслов в Московской области» государственной программы Московской области Культура Подмосковья» на 2017  2021 годы в Министерстве культуры Московской области и Главном правлении культурного наследия Московской области в 2017 году и истекшем периоде 2018 года (с предложениями по совершенствованию осуществления внутреннего финансового контроля и внутреннего финансового аудита, с элементами аудита в сфере закупок) (совместно с контрольно счетными органами муниципальных образований Московской области);2018;АДМИНИСТРАЦИЯ ВОЛОКОЛАМСКОГО ГОРОДСКОГО ОКРУГА МОСКОВСКОЙ ОБЛАСТИ ;Контрольное;31;998,57
Аудит реализации и эффективности мероприятий подпрограмм Сохранение, использование, популяризация и государственная охрана объектов культурного наследия (памятников истории и культуры) народов Российской Федерации» и Развитие музейного дела и народных художественных промыслов в Московской области» государственной программы Московской области Культура Подмосковья» на 2017  2021 годы в Министерстве культуры Московской области и Главном правлении культурного наследия Московской области в 2017 году и истекшем периоде 2018 года (с предложениями по совершенствованию осуществления внутреннего финансового контроля и внутреннего финансового аудита, с элементами аудита в сфере закупок) (совместно с контрольно счетными органами муниципальных образований Московской области);2018;"ГОСУДАРСТВЕННОЕ АВТОНОМНОЕ УЧРЕЖДЕНИЕ КУЛЬТУРЫ МОСКОВСКОЙ ОБЛАСТИ ""ГОСУДАРСТВЕННЫЙ МЕМОРИАЛЬНЫЙ МУЗЫКАЛЬНЫЙ МУЗЕЙ-ЗАПОВЕДНИК П.И.ЧАЙКОВСКОГО""";Контрольное;36;7180,93
Аудит реализации и эффективности мероприятий подпрограмм Сохранение, использование, популяризация и государственная охрана объектов культурного наследия (памятников истории и культуры) народов Российской Федерации» и Развитие музейного дела и народных художественных промыслов в Московской области» государственной программы Московской области Культура Подмосковья» на 2017  2021 годы в Министерстве культуры Московской области и Главном правлении культурного наследия Московской области в 2017 году и истекшем периоде 2018 года (с предложениями по совершенствованию осуществления внутреннего финансового контроля и внутреннего финансового аудита, с элементами аудита в сфере закупок) (совместно с контрольно счетными органами муниципальных образований Московской области);2018;"ГОСУДАРСТВЕННОЕ БЮДЖЕТНОЕ УЧРЕЖДЕНИЕ КУЛЬТУРЫ МОСКОВСКОЙ ОБЛАСТИ ""ГОСУДАРСТВЕННЫЙ МЕМОРИАЛЬНЫЙ МУЗЕЙ - ЗАПОВЕДНИК Д.И. МЕНДЕЛЕЕВА И А.А. БЛОКА""";Контрольное;69;16885,96
Аудит реализации и эффективности мероприятий подпрограмм Сохранение, использование, популяризация и государственная охрана объектов культурного наследия (памятников истории и культуры) народов Российской Федерации» и Развитие музейного дела и народных художественных промыслов в Московской области» государственной программы Московской области Культура Подмосковья» на 2017  2021 годы в Министерстве культуры Московской области и Главном правлении культурного наследия Московской области в 2017 году и истекшем периоде 2018 года (с предложениями по совершенствованию осуществления внутреннего финансового контроля и внутреннего финансового аудита, с элементами аудита в сфере закупок) (совместно с контрольно счетными органами муниципальных образований Московской области);2018;"ГОСУДАРСТВЕННОЕ АВТОНОМНОЕ УЧРЕЖДЕНИЕ КУЛЬТУРЫ МОСКОВСКОЙ ОБЛАСТИ ""ГОСУДАРСТВЕННЫЙ ЛИТЕРАТУРНО-МЕМОРИАЛЬНЫЙ МУЗЕЙ-ЗАПОВЕДНИК А.П. ЧЕХОВА ""МЕЛИХОВО""";Контрольное;29;7615
Аудит реализации и эффективности мероприятий подпрограмм Сохранение, использование, популяризация и государственная охрана объектов культурного наследия (памятников истории и культуры) народов Российской Федерации» и Развитие музейного дела и народных художественных промыслов в Московской области» государственной программы Московской области Культура Подмосковья» на 2017  2021 годы в Министерстве культуры Московской области и Главном правлении культурного наследия Московской области в 2017 году и истекшем периоде 2018 года (с предложениями по совершенствованию осуществления внутреннего финансового контроля и внутреннего финансового аудита, с элементами аудита в сфере закупок) (совместно с контрольно счетными органами муниципальных образований Московской области);2018;"ГОСУДАРСТВЕННОЕ АВТОНОМНОЕ УЧРЕЖДЕНИЕ МОСКОВСКОЙ ОБЛАСТИ ""МОСКОВСКАЯ ОБЛАСТНАЯ ДИРЕКЦИЯ ПО ИСПОЛЬЗОВАНИЮ НЕДВИЖИМЫХ ПАМЯТНИКОВ ИСТОРИИ И КУЛЬТУРЫ""";Контрольное;53;6367,28
Проверка целевого и эффективного использования средств бюджета Московской области, направленных на создание условий для реализации государственных полномочий в области земельных отношений в 2017 году, в рамках подпрограммы Развитие имущественного комплекса Московской области» государственной программы Московской области Эффективная власть» на 2017 2021 годы (совместно с контрольно счетными органами муниципальных образований Московской области);2018;МИНИСТЕРСТВО ИМУЩЕСТВЕННЫХ ОТНОШЕНИЙ МОСКОВСКОЙ ОБЛАСТИ;Контрольное;13;96506,2
Проверка целевого и эффективного использования средств бюджета Московской области, направленных на создание условий для реализации государственных полномочий в области земельных отношений в 2017 году, в рамках подпрограммы Развитие имущественного комплекса Московской области» государственной программы Московской области Эффективная власть» на 2017 2021 годы (совместно с контрольно счетными органами муниципальных образований Московской области);2018;АДМИНИСТРАЦИЯ ОДИНЦОВСКОГО ГОРОДСКОГО ОКРУГА МОСКОВСКОЙ ОБЛАСТИ;Контрольное;10;0
Проверка целевого и эффективного использования средств бюджета Московской области, направленных на создание условий для реализации государственных полномочий в области земельных отношений в 2017 году, в рамках подпрограммы Развитие имущественного комплекса Московской области» государственной программы Московской области Эффективная власть» на 2017 2021 годы (совместно с контрольно счетными органами муниципальных образований Московской области);2018;АДМИНИСТРАЦИЯ ГОРОДСКОГО ОКРУГА ИСТРА МОСКОВСКОЙ ОБЛАСТИ;Контрольное;12;0
Проверка целевого и эффективного использования средств бюджета Московской области, направленных на создание условий для реализации государственных полномочий в области земельных отношений в 2017 году, в рамках подпрограммы Развитие имущественного комплекса Московской области» государственной программы Московской области Эффективная власть» на 2017 2021 годы (совместно с контрольно счетными органами муниципальных образований Московской области);2018;АДМИНИСТРАЦИЯ ГОРОДСКОГО ОКРУГА БАЛАШИХА;Контрольное;12;0
Проверка целевого и эффективного использования средств бюджета Московской области, направленных на создание условий для реализации государственных полномочий в области земельных отношений в 2017 году, в рамках подпрограммы Развитие имущественного комплекса Московской области» государственной программы Московской области Эффективная власть» на 2017 2021 годы (совместно с контрольно счетными органами муниципальных образований Московской области);2018;АДМИНИСТРАЦИЯ ГОРОДСКОГО ОКРУГА ЩЁЛКОВО МОСКОВСКОЙ ОБЛАСТИ;Контрольное;10;0
Проверка целевого и эффективного использования средств бюджета Московской области, направленных на создание условий для реализации государственных полномочий в области земельных отношений в 2017 году, в рамках подпрограммы Развитие имущественного комплекса Московской области» государственной программы Московской области Эффективная власть» на 2017 2021 годы (совместно с контрольно счетными органами муниципальных образований Московской области);2018;АДМИНИСТРАЦИЯ ГОРОДСКОГО ОКРУГА ДОМОДЕДОВО МОСКОВСКОЙ ОБЛАСТИ;Контрольное;13;0
Проверка целевого и эффективного использования средств бюджета Московской области, направленных на создание условий для реализации государственных полномочий в области земельных отношений в 2017 году, в рамках подпрограммы Развитие имущественного комплекса Московской области» государственной программы Московской области Эффективная власть» на 2017 2021 годы (совместно с контрольно счетными органами муниципальных образований Московской области);2018;АДМИНИСТРАЦИЯ ПУШКИНСКОГО МУНИЦИПАЛЬНОГО РАЙОНА МОСКОВСКОЙ ОБЛАСТИ;Контрольное;14;0
Проверка целевого и эффективного использования средств бюджета Московской области, направленных на создание условий для реализации государственных полномочий в области земельных отношений в 2017 году, в рамках подпрограммы Развитие имущественного комплекса Московской области» государственной программы Московской области Эффективная власть» на 2017 2021 годы (совместно с контрольно счетными органами муниципальных образований Московской области);2018;АДМИНИСТРАЦИЯ МУНИЦИПАЛЬНОГО ОБРАЗОВАНИЯ ГОРОДСКОЙ ОКРУГ ЛЮБЕРЦЫ МОСКОВСКОЙ ОБЛАСТИ;Контрольное;14;0
Проверка целевого и эффективного использования средств бюджета Московской области, направленных на создание условий для реализации государственных полномочий в области земельных отношений в 2017 году, в рамках подпрограммы Развитие имущественного комплекса Московской области» государственной программы Московской области Эффективная власть» на 2017 2021 годы (совместно с контрольно счетными органами муниципальных образований Московской области);2018;АДМИНИСТРАЦИЯ РУЗСКОГО ГОРОДСКОГО ОКРУГА МОСКОВСКОЙ ОБЛАСТИ;Контрольное;14;1241,4
Аудит эффективности использования средств бюджета Московской области, предусмотренных отдельным муниципальным образованиям в 2017 году в рамках реализации мероприятий государственной программы Московской области Образование Подмосковья» на 2017 2025 годы, направленных на повышение эффективности и качества услуг в сфере общего образования (с анализом выполнения мероприятий и достижения показателей, установленных Планом мероприятий (дорожной картой») Изменения в отраслях социальной сферы, направленные на повышение эффективности образования и науки Московской области») (с предложениями по совершенствованию осуществления внутреннего финансового контроля и внутреннего финансового аудита, с элементами аудита в сфере закупок) (совместно и параллельно с контрольно счетными органами муниципальных образований Московской области);2018;МИНИСТЕРСТВО ОБРАЗОВАНИЯ МОСКОВСКОЙ ОБЛАСТИ;Контрольное;6;0
Аудит эффективности использования средств бюджета Московской области, предусмотренных отдельным муниципальным образованиям в 2017 году в рамках реализации мероприятий государственной программы Московской области Образование Подмосковья» на 2017 2025 годы, направленных на повышение эффективности и качества услуг в сфере общего образования (с анализом выполнения мероприятий и достижения показателей, установленных Планом мероприятий (дорожной картой») Изменения в отраслях социальной сферы, направленные на повышение эффективности образования и науки Московской области») (с предложениями по совершенствованию осуществления внутреннего финансового контроля и внутреннего финансового аудита, с элементами аудита в сфере закупок) (совместно и параллельно с контрольно счетными органами муниципальных образований Московской области);2018;АДМИНИСТРАЦИЯ МУНИЦИПАЛЬНОГО ОБРАЗОВАНИЯ ЛЕНИНСКИЙ МУНИЦИПАЛЬНЫЙ РАЙОН МОСКОВСКОЙ ОБЛАСТИ;Контрольное;31;10334,7
Аудит эффективности использования средств бюджета Московской области, предусмотренных отдельным муниципальным образованиям в 2017 году в рамках реализации мероприятий государственной программы Московской области Образование Подмосковья» на 2017 2025 годы, направленных на повышение эффективности и качества услуг в сфере общего образования (с анализом выполнения мероприятий и достижения показателей, установленных Планом мероприятий (дорожной картой») Изменения в отраслях социальной сферы, направленные на повышение эффективности образования и науки Московской области») (с предложениями по совершенствованию осуществления внутреннего финансового контроля и внутреннего финансового аудита, с элементами аудита в сфере закупок) (совместно и параллельно с контрольно счетными органами муниципальных образований Московской области);2018;АДМИНИСТРАЦИЯ МОЖАЙСКОГО ГОРОДСКОГО ОКРУГА МОСКОВСКОЙ ОБЛАСТИ;Контрольное;25;13127,8
Аудит эффективности использования средств бюджета Московской области, предусмотренных отдельным муниципальным образованиям в 2017 году в рамках реализации мероприятий государственной программы Московской области Образование Подмосковья» на 2017 2025 годы, направленных на повышение эффективности и качества услуг в сфере общего образования (с анализом выполнения мероприятий и достижения показателей, установленных Планом мероприятий (дорожной картой») Изменения в отраслях социальной сферы, направленные на повышение эффективности образования и науки Московской области») (с предложениями по совершенствованию осуществления внутреннего финансового контроля и внутреннего финансового аудита, с элементами аудита в сфере закупок) (совместно и параллельно с контрольно счетными органами муниципальных образований Московской области);2018;АДМИНИСТРАЦИЯ ГОРОДСКОГО ОКРУГА ИВАНТЕЕВКА МОСКОВСКОЙ ОБЛАСТИ;Контрольное;18;810,5
Аудит эффективности использования средств бюджета Московской области, предусмотренных отдельным муниципальным образованиям в 2017 году в рамках реализации мероприятий государственной программы Московской области Образование Подмосковья» на 2017 2025 годы, направленных на повышение эффективности и качества услуг в сфере общего образования (с анализом выполнения мероприятий и достижения показателей, установленных Планом мероприятий (дорожной картой») Изменения в отраслях социальной сферы, направленные на повышение эффективности образования и науки Московской области») (с предложениями по совершенствованию осуществления внутреннего финансового контроля и внутреннего финансового аудита, с элементами аудита в сфере закупок) (совместно и параллельно с контрольно счетными органами муниципальных образований Московской области);2018;АДМИНИСТРАЦИЯ ГОРОДСКОГО ОКРУГА КРАСНОГОРСК МОСКОВСКОЙ ОБЛАСТИ;Контрольное;22;6585,5
Аудит эффективности использования средств бюджета Московской области, предусмотренных отдельным муниципальным образованиям в 2017 году в рамках реализации мероприятий государственной программы Московской области Образование Подмосковья» на 2017 2025 годы, направленных на повышение эффективности и качества услуг в сфере общего образования (с анализом выполнения мероприятий и достижения показателей, установленных Планом мероприятий (дорожной картой») Изменения в отраслях социальной сферы, направленные на повышение эффективности образования и науки Московской области») (с предложениями по совершенствованию осуществления внутреннего финансового контроля и внутреннего финансового аудита, с элементами аудита в сфере закупок) (совместно и параллельно с контрольно счетными органами муниципальных образований Московской области);2018;АДМИНИСТРАЦИЯ ГОРОДСКОГО ОКРУГА ПРОТВИНО;Контрольное;29;2659
Аудит эффективности использования средств бюджета Московской области, предусмотренных отдельным муниципальным образованиям в 2017 году в рамках реализации мероприятий государственной программы Московской области Образование Подмосковья» на 2017 2025 годы, направленных на повышение эффективности и качества услуг в сфере общего образования (с анализом выполнения мероприятий и достижения показателей, установленных Планом мероприятий (дорожной картой») Изменения в отраслях социальной сферы, направленные на повышение эффективности образования и науки Московской области») (с предложениями по совершенствованию осуществления внутреннего финансового контроля и внутреннего финансового аудита, с элементами аудита в сфере закупок) (совместно и параллельно с контрольно счетными органами муниципальных образований Московской области);2018;АДМИНИСТРАЦИЯ ГОРОДСКОГО ОКРУГА РЕУТОВ;Контрольное;18;7894,6
Аудит реализации в 2017 году мероприятий подпрограмм Развитие лесного хозяйства в Московской области», Обеспечивающая подпрограмма» государственной программы Московской области Экология и окружающая среда Подмосковья» на 2017 2026 годы (с предложениями по совершенствованию осуществления внутреннего финансового контроля и внутреннего финансового аудита, с элементами аудита в сфере закупок);2018;КОМИТЕТ ЛЕСНОГО ХОЗЯЙСТВА МОСКОВСКОЙ ОБЛАСТИ;Контрольное;218;389560,1
Аудит реализации в 2017 году мероприятий подпрограмм Развитие лесного хозяйства в Московской области», Обеспечивающая подпрограмма» государственной программы Московской области Экология и окружающая среда Подмосковья» на 2017 2026 годы (с предложениями по совершенствованию осуществления внутреннего финансового контроля и внутреннего финансового аудита, с элементами аудита в сфере закупок);2018;"ГОСУДАРСТВЕННОЕ АВТОНОМНОЕ УЧРЕЖДЕНИЕ МОСКОВСКОЙ ОБЛАСТИ ""ЦЕНТРАЛЬНОЕ ЛЕСОХОЗЯЙСТВЕННОЕ ОБЪЕДИНЕНИЕ""";Контрольное;398;262616,84
Аудит реализации в 2017 году мероприятий подпрограмм Развитие лесного хозяйства в Московской области», Обеспечивающая подпрограмма» государственной программы Московской области Экология и окружающая среда Подмосковья» на 2017 2026 годы (с предложениями по совершенствованию осуществления внутреннего финансового контроля и внутреннего финансового аудита, с элементами аудита в сфере закупок);2018;"ГОСУДАРСТВЕННОЕ КАЗЕННОЕ УЧРЕЖДЕНИЕ МОСКОВСКОЙ ОБЛАСТИ ""МОСОБЛЛЕС""";Контрольное;57;10535,26
Проверка использования субсидий из бюджета Московской области бюджетам муниципальных образований Московской области на реализацию отдельных мероприятий государственных программ Московской области Формирование современной комфортной городской среды» на 2018 – 2022 годы, Развитие жилищно коммунального хозяйства» на 2017 – 2021 годы, Развитие и функционирования дорожно транспортного комплекса» на 2017 – 2021 годы, направленных в 2017–2018 годах на формирование комфортной городской среды (с предложениями по совершенствованию осуществления внутреннего финансового контроля и внутреннего финансового аудита, с элементами аудита в сфере закупок) (параллельно с контрольно счетными органами муниципальных образований Московской области);2018;МИНИСТЕРСТВО ЖИЛИЩНО-КОММУНАЛЬНОГО ХОЗЯЙСТВА МОСКОВСКОЙ ОБЛАСТИ;Контрольное;13;39187,6
Проверка использования субсидий из бюджета Московской области бюджетам муниципальных образований Московской области на реализацию отдельных мероприятий государственных программ Московской области Формирование современной комфортной городской среды» на 2018 – 2022 годы, Развитие жилищно коммунального хозяйства» на 2017 – 2021 годы, Развитие и функционирования дорожно транспортного комплекса» на 2017 – 2021 годы, направленных в 2017–2018 годах на формирование комфортной городской среды (с предложениями по совершенствованию осуществления внутреннего финансового контроля и внутреннего финансового аудита, с элементами аудита в сфере закупок) (параллельно с контрольно счетными органами муниципальных образований Московской области);2018;МИНИСТЕРСТВО ТРАНСПОРТА И ДОРОЖНОЙ ИНФРАСТРУКТУРЫ МОСКОВСКОЙ ОБЛАСТИ;Контрольное;21;142,4
Проверка использования субсидий из бюджета Московской области бюджетам муниципальных образований Московской области на реализацию отдельных мероприятий государственных программ Московской области Формирование современной комфортной городской среды» на 2018 – 2022 годы, Развитие жилищно коммунального хозяйства» на 2017 – 2021 годы, Развитие и функционирования дорожно транспортного комплекса» на 2017 – 2021 годы, направленных в 2017–2018 годах на формирование комфортной городской среды (с предложениями по совершенствованию осуществления внутреннего финансового контроля и внутреннего финансового аудита, с элементами аудита в сфере закупок) (параллельно с контрольно счетными органами муниципальных образований Московской области);2018;АДМИНИСТРАЦИЯ КОЛОМЕНСКОГО ГОРОДСКОГО ОКРУГА МОСКОВСКОЙ ОБЛАСТИ;Контрольное;13;55963,8
Проверка использования субсидий из бюджета Московской области бюджетам муниципальных образований Московской области на реализацию отдельных мероприятий государственных программ Московской области Формирование современной комфортной городской среды» на 2018 – 2022 годы, Развитие жилищно коммунального хозяйства» на 2017 – 2021 годы, Развитие и функционирования дорожно транспортного комплекса» на 2017 – 2021 годы, направленных в 2017–2018 годах на формирование комфортной городской среды (с предложениями по совершенствованию осуществления внутреннего финансового контроля и внутреннего финансового аудита, с элементами аудита в сфере закупок) (параллельно с контрольно счетными органами муниципальных образований Московской области);2018;АДМИНИСТРАЦИЯ МУНИЦИПАЛЬНОГО ОБРАЗОВАНИЯ ГОРОДСКОЙ ОКРУГ ЛЮБЕРЦЫ МОСКОВСКОЙ ОБЛАСТИ;Контрольное;13;0
Проверка использования субсидий из бюджета Московской области бюджетам муниципальных образований Московской области на реализацию отдельных мероприятий государственных программ Московской области Формирование современной комфортной городской среды» на 2018 – 2022 годы, Развитие жилищно коммунального хозяйства» на 2017 – 2021 годы, Развитие и функционирования дорожно транспортного комплекса» на 2017 – 2021 годы, направленных в 2017–2018 годах на формирование комфортной городской среды (с предложениями по совершенствованию осуществления внутреннего финансового контроля и внутреннего финансового аудита, с элементами аудита в сфере закупок) (параллельно с контрольно счетными органами муниципальных образований Московской области);2018;АДМИНИСТРАЦИЯ ОРЕХОВО-ЗУЕВСКОГО ГОРОДСКОГО ОКРУГА МОСКОВСКОЙ ОБЛАСТИ;Контрольное;19;37261,4
Проверка использования субсидий из бюджета Московской области бюджетам муниципальных образований Московской области на реализацию отдельных мероприятий государственных программ Московской области Формирование современной комфортной городской среды» на 2018 – 2022 годы, Развитие жилищно коммунального хозяйства» на 2017 – 2021 годы, Развитие и функционирования дорожно транспортного комплекса» на 2017 – 2021 годы, направленных в 2017–2018 годах на формирование комфортной городской среды (с предложениями по совершенствованию осуществления внутреннего финансового контроля и внутреннего финансового аудита, с элементами аудита в сфере закупок) (параллельно с контрольно счетными органами муниципальных образований Московской области);2018;АДМИНИСТРАЦИЯ ГОРОДСКОГО ОКРУГА КЛИН;Контрольное;4;130984
Проверка целевого и результативного использования средств, предоставленных из федерального бюджета бюджетам субъектов Российской Федерации в виде субсидий на поддержку государственных программ субъектов Российской Федерации и муниципальных программ по формированию современной городской среды в рамках реализации приоритетного проекта Формирование комфортной городской среды», основного мероприятия Приоритетный проект Формирование комфортной городской среды» и основного мероприятия Содействие обустройству мест массового отдыха населения (городских парков)» подпрограммы Создание условий для обеспечения качественными услугами жилищно коммунального хозяйства граждан России» государственной программы Российской Федерации Обеспечение доступным и комфортным жильем и коммунальными услугами граждан Российской Федерации» в 2017 году и истекшем периоде 2018 года (совместно со Счетной палатой Российской Федерации);2018;ПРАВИТЕЛЬСТВО МОСКОВСКОЙ ОБЛАСТИ;Контрольное;0;0
Проверка целевого и результативного использования средств, предоставленных из федерального бюджета бюджетам субъектов Российской Федерации в виде субсидий на поддержку государственных программ субъектов Российской Федерации и муниципальных программ по формированию современной городской среды в рамках реализации приоритетного проекта Формирование комфортной городской среды», основного мероприятия Приоритетный проект Формирование комфортной городской среды» и основного мероприятия Содействие обустройству мест массового отдыха населения (городских парков)» подпрограммы Создание условий для обеспечения качественными услугами жилищно коммунального хозяйства граждан России» государственной программы Российской Федерации Обеспечение доступным и комфортным жильем и коммунальными услугами граждан Российской Федерации» в 2017 году и истекшем периоде 2018 года (совместно со Счетной палатой Российской Федерации);2018;МИНИСТЕРСТВО ЖИЛИЩНО-КОММУНАЛЬНОГО ХОЗЯЙСТВА МОСКОВСКОЙ ОБЛАСТИ;Контрольное;0;0
Проверка целевого и результативного использования средств, предоставленных из федерального бюджета бюджетам субъектов Российской Федерации в виде субсидий на поддержку государственных программ субъектов Российской Федерации и муниципальных программ по формированию современной городской среды в рамках реализации приоритетного проекта Формирование комфортной городской среды», основного мероприятия Приоритетный проект Формирование комфортной городской среды» и основного мероприятия Содействие обустройству мест массового отдыха населения (городских парков)» подпрограммы Создание условий для обеспечения качественными услугами жилищно коммунального хозяйства граждан России» государственной программы Российской Федерации Обеспечение доступным и комфортным жильем и коммунальными услугами граждан Российской Федерации» в 2017 году и истекшем периоде 2018 года (совместно со Счетной палатой Российской Федерации);2018;МИНИСТЕРСТВО ТРАНСПОРТА И ДОРОЖНОЙ ИНФРАСТРУКТУРЫ МОСКОВСКОЙ ОБЛАСТИ;Контрольное;0;0
Проверка целевого и результативного использования средств, предоставленных из федерального бюджета бюджетам субъектов Российской Федерации в виде субсидий на поддержку государственных программ субъектов Российской Федерации и муниципальных программ по формированию современной городской среды в рамках реализации приоритетного проекта Формирование комфортной городской среды», основного мероприятия Приоритетный проект Формирование комфортной городской среды» и основного мероприятия Содействие обустройству мест массового отдыха населения (городских парков)» подпрограммы Создание условий для обеспечения качественными услугами жилищно коммунального хозяйства граждан России» государственной программы Российской Федерации Обеспечение доступным и комфортным жильем и коммунальными услугами граждан Российской Федерации» в 2017 году и истекшем периоде 2018 года (совместно со Счетной палатой Российской Федерации);2018;МИНИСТЕРСТВО КУЛЬТУРЫ МОСКОВСКОЙ ОБЛАСТИ;Контрольное;0;0
Проверка целевого и результативного использования средств, предоставленных из федерального бюджета бюджетам субъектов Российской Федерации в виде субсидий на поддержку государственных программ субъектов Российской Федерации и муниципальных программ по формированию современной городской среды в рамках реализации приоритетного проекта Формирование комфортной городской среды», основного мероприятия Приоритетный проект Формирование комфортной городской среды» и основного мероприятия Содействие обустройству мест массового отдыха населения (городских парков)» подпрограммы Создание условий для обеспечения качественными услугами жилищно коммунального хозяйства граждан России» государственной программы Российской Федерации Обеспечение доступным и комфортным жильем и коммунальными услугами граждан Российской Федерации» в 2017 году и истекшем периоде 2018 года (совместно со Счетной палатой Российской Федерации);2018;АДМИНИСТРАЦИЯ ОДИНЦОВСКОГО ГОРОДСКОГО ОКРУГА МОСКОВСКОЙ ОБЛАСТИ;Контрольное;0;0
Проверка целевого и результативного использования средств, предоставленных из федерального бюджета бюджетам субъектов Российской Федерации в виде субсидий на поддержку государственных программ субъектов Российской Федерации и муниципальных программ по формированию современной городской среды в рамках реализации приоритетного проекта Формирование комфортной городской среды», основного мероприятия Приоритетный проект Формирование комфортной городской среды» и основного мероприятия Содействие обустройству мест массового отдыха населения (городских парков)» подпрограммы Создание условий для обеспечения качественными услугами жилищно коммунального хозяйства граждан России» государственной программы Российской Федерации Обеспечение доступным и комфортным жильем и коммунальными услугами граждан Российской Федерации» в 2017 году и истекшем периоде 2018 года (совместно со Счетной палатой Российской Федерации);2018;АДМИНИСТРАЦИЯ КОЛОМЕНСКОГО ГОРОДСКОГО ОКРУГА МОСКОВСКОЙ ОБЛАСТИ;Контрольное;16;55963,8
Проверка целевого и результативного использования средств, предоставленных из федерального бюджета бюджетам субъектов Российской Федерации в виде субсидий на поддержку государственных программ субъектов Российской Федерации и муниципальных программ по формированию современной городской среды в рамках реализации приоритетного проекта Формирование комфортной городской среды», основного мероприятия Приоритетный проект Формирование комфортной городской среды» и основного мероприятия Содействие обустройству мест массового отдыха населения (городских парков)» подпрограммы Создание условий для обеспечения качественными услугами жилищно коммунального хозяйства граждан России» государственной программы Российской Федерации Обеспечение доступным и комфортным жильем и коммунальными услугами граждан Российской Федерации» в 2017 году и истекшем периоде 2018 года (совместно со Счетной палатой Российской Федерации);2018;АДМИНИСТРАЦИЯ МУНИЦИПАЛЬНОГО ОБРАЗОВАНИЯ ГОРОДСКОЙ ОКРУГ ЛЮБЕРЦЫ МОСКОВСКОЙ ОБЛАСТИ;Контрольное;18;0
Проверка целевого и эффективного использования средств бюджета Московской области, направленных на развитие негосударственного сектора социального обслуживания в 2016 2017 годах, в рамках подпрограммы Социальная поддержка граждан» государственной программы Московской области Социальная защита населения Московской области» (с предложениями по совершенствованию осуществления внутреннего финансового контроля и внутреннего финансового аудита);2018;МИНИСТЕРСТВО СОЦИАЛЬНОГО РАЗВИТИЯ МОСКОВСКОЙ ОБЛАСТИ;Контрольное;25;185162,15
Проверка целевого и эффективного использования средств бюджета Московской области, направленных на развитие негосударственного сектора социального обслуживания в 2016 2017 годах, в рамках подпрограммы Социальная поддержка граждан» государственной программы Московской области Социальная защита населения Московской области» (с предложениями по совершенствованию осуществления внутреннего финансового контроля и внутреннего финансового аудита);2018;"ГОСУДАРСТВЕННОЕ КАЗЕННОЕ УЧРЕЖДЕНИЕ МОСКОВСКОЙ ОБЛАСТИ ""ДИРЕКЦИЯ ЕДИНОГО ЗАКАЗЧИКА МИНИСТЕРСТВА СОЦИАЛЬНОГО РАЗВИТИЯ МОСКОВСКОЙ ОБЛАСТИ""";Контрольное;11;4649,8
Проверка целевого и эффективного использования средств бюджета Московской области, направленных на развитие негосударственного сектора социального обслуживания в 2016 2017 годах, в рамках подпрограммы Социальная поддержка граждан» государственной программы Московской области Социальная защита населения Московской области» (с предложениями по совершенствованию осуществления внутреннего финансового контроля и внутреннего финансового аудита);2018;"ГОСУДАРСТВЕННОЕ КАЗЕННОЕ УЧРЕЖДЕНИЕ СОЦИАЛЬНОГО ОБСЛУЖИВАНИЯ МОСКОВСКОЙ ОБЛАСТИ ""ХИМКИНСКИЙ СОЦИАЛЬНО-РЕАБИЛИТАЦИОННЫЙ ЦЕНТР ДЛЯ НЕСОВЕРШЕННОЛЕТНИХ""";Контрольное;33;2720,5
Проверка целевого и эффективного использования средств бюджета Московской области, направленных на развитие негосударственного сектора социального обслуживания в 2016 2017 годах, в рамках подпрограммы Социальная поддержка граждан» государственной программы Московской области Социальная защита населения Московской области» (с предложениями по совершенствованию осуществления внутреннего финансового контроля и внутреннего финансового аудита);2018;АДМИНИСТРАЦИЯ МУНИЦИПАЛЬНОГО ОБРАЗОВАНИЯ ГОРОДСКОЙ ОКРУГ ЛЮБЕРЦЫ МОСКОВСКОЙ ОБЛАСТИ;Контрольное;1;0
Контрольное мероприятие Проверка целевого и эффективного использования средств бюджета Московской области, направленных на обеспечение инфраструктуры органов государственной власти Московской области и государственных органов Московской области в 2016 году, в рамках реализации мероприятий Государственной программы Московской области Эффективная власть» на 2014 2018 годы в Управлении делами Губернатора Московской области и Правительства Московской области и государственном бюджетное учреждении Московской области Управление материально технического, транспортного и санаторного обеспечения» (с предложениями по совершенствованию осуществления внутреннего финансового контроля и внутреннего финансового аудита, с элементами аудита в сфере закупок);2017;УПРАВЛЕНИЕ ДЕЛАМИ ГУБЕРНАТОРА МОСКОВСКОЙ ОБЛАСТИ И ПРАВИТЕЛЬСТВА МОСКОВСКОЙ ОБЛАСТИ;Контрольное;0;0
Контрольное мероприятие Проверка целевого и эффективного использования средств бюджета Московской области, направленных на обеспечение инфраструктуры органов государственной власти Московской области и государственных органов Московской области в 2016 году, в рамках реализации мероприятий Государственной программы Московской области Эффективная власть» на 2014 2018 годы в Управлении делами Губернатора Московской области и Правительства Московской области и государственном бюджетное учреждении Московской области Управление материально технического, транспортного и санаторного обеспечения» (с предложениями по совершенствованию осуществления внутреннего финансового контроля и внутреннего финансового аудита, с элементами аудита в сфере закупок);2017;"ГОСУДАРСТВЕННОЕ БЮДЖЕТНОЕ УЧРЕЖДЕНИЕ МОСКОВСКОЙ ОБЛАСТИ ""УПРАВЛЕНИЕ МАТЕРИАЛЬНО-ТЕХНИЧЕСКОГО, ТРАНСПОРТНОГО И САНАТОРНОГО ОБЕСПЕЧЕНИЯ""";Контрольное;0;0
Контрольное мероприятие Аудит реализации и эффективности мероприятий подпрограммы Обеспечение жильем детей сирот и детей, оставшихся без попечения родителей, а также лиц из их числа» государственной программы Московской области Жилище» в 2016 году» (с предложениями по совершенствованию осуществления внутреннего финансового контроля и внутреннего финансового аудита) (совместно и параллельно с контрольно счетными органами муниципальных образований Московской области);2017;МИНИСТЕРСТВО ОБРАЗОВАНИЯ МОСКОВСКОЙ ОБЛАСТИ;Контрольное;18;596
Контрольное мероприятие Аудит реализации и эффективности мероприятий подпрограммы Обеспечение жильем детей сирот и детей, оставшихся без попечения родителей, а также лиц из их числа» государственной программы Московской области Жилище» в 2016 году» (с предложениями по совершенствованию осуществления внутреннего финансового контроля и внутреннего финансового аудита) (совместно и параллельно с контрольно счетными органами муниципальных образований Московской области);2017;АДМИНИСТРАЦИЯ СЕРГИЕВО-ПОСАДСКОГО ГОРОДСКОГО ОКРУГА МОСКОВСКОЙ ОБЛАСТИ;Контрольное;0;0
Контрольное мероприятие Аудит реализации и эффективности мероприятий подпрограммы Обеспечение жильем детей сирот и детей, оставшихся без попечения родителей, а также лиц из их числа» государственной программы Московской области Жилище» в 2016 году» (с предложениями по совершенствованию осуществления внутреннего финансового контроля и внутреннего финансового аудита) (совместно и параллельно с контрольно счетными органами муниципальных образований Московской области);2017;АДМИНИСТРАЦИЯ ГОРОДСКОГО ОКРУГА ДОМОДЕДОВО МОСКОВСКОЙ ОБЛАСТИ;Контрольное;17;0
Контрольное мероприятие Аудит реализации и эффективности мероприятий подпрограммы Обеспечение жильем детей сирот и детей, оставшихся без попечения родителей, а также лиц из их числа» государственной программы Московской области Жилище» в 2016 году» (с предложениями по совершенствованию осуществления внутреннего финансового контроля и внутреннего финансового аудита) (совместно и параллельно с контрольно счетными органами муниципальных образований Московской области);2017;АДМИНИСТРАЦИЯ ГОРОДСКОГО ОКРУГА СОЛНЕЧНОГОРСК МОСКОВСКОЙ ОБЛАСТИ;Контрольное;0;0
Контрольное мероприятие Аудит реализации и эффективности мероприятий подпрограммы Обеспечение жильем детей сирот и детей, оставшихся без попечения родителей, а также лиц из их числа» государственной программы Московской области Жилище» в 2016 году» (с предложениями по совершенствованию осуществления внутреннего финансового контроля и внутреннего финансового аудита) (совместно и параллельно с контрольно счетными органами муниципальных образований Московской области);2017;АДМИНИСТРАЦИЯ БОГОРОДСКОГО ГОРОДСКОГО ОКРУГА МОСКОВСКОЙ ОБЛАСТИ;Контрольное;11;0
Контрольное мероприятие Аудит реализации и эффективности мероприятий подпрограммы Обеспечение жильем детей сирот и детей, оставшихся без попечения родителей, а также лиц из их числа» государственной программы Московской области Жилище» в 2016 году» (с предложениями по совершенствованию осуществления внутреннего финансового контроля и внутреннего финансового аудита) (совместно и параллельно с контрольно счетными органами муниципальных образований Московской области);2017;АДМИНИСТРАЦИЯ МУНИЦИПАЛЬНОГО ОБРАЗОВАНИЯ ГОРОДСКОЙ ОКРУГ ЛЮБЕРЦЫ МОСКОВСКОЙ ОБЛАСТИ;Контрольное;26;0
Контрольное мероприятие Аудит реализации и эффективности мероприятий подпрограммы Обеспечение жильем детей сирот и детей, оставшихся без попечения родителей, а также лиц из их числа» государственной программы Московской области Жилище» в 2016 году» (с предложениями по совершенствованию осуществления внутреннего финансового контроля и внутреннего финансового аудита) (совместно и параллельно с контрольно счетными органами муниципальных образований Московской области);2017;АДМИНИСТРАЦИЯ ГОРОДСКОГО ОКРУГА РЕУТОВ;Контрольное;11;542,9
Контрольное мероприятие Аудит реализации и эффективности мероприятий подпрограммы Обеспечение жильем детей сирот и детей, оставшихся без попечения родителей, а также лиц из их числа» государственной программы Московской области Жилище» в 2016 году» (с предложениями по совершенствованию осуществления внутреннего финансового контроля и внутреннего финансового аудита) (совместно и параллельно с контрольно счетными органами муниципальных образований Московской области);2017;АДМИНИСТРАЦИЯ ГОРОДСКОГО ОКРУГА БАЛАШИХА;Контрольное;7;0
Контрольное мероприятие Аудит реализации и эффективности мероприятий подпрограммы Обеспечение жильем детей сирот и детей, оставшихся без попечения родителей, а также лиц из их числа» государственной программы Московской области Жилище» в 2016 году» (с предложениями по совершенствованию осуществления внутреннего финансового контроля и внутреннего финансового аудита) (совместно и параллельно с контрольно счетными органами муниципальных образований Московской области);2017;АДМИНИСТРАЦИЯ ГОРОДСКОГО ОКРУГА ХИМКИ МОСКОВСКОЙ ОБЛАСТИ;Контрольное;0;0
Контрольное мероприятие Аудит реализации и эффективности мероприятий подпрограммы Обеспечение жильем детей сирот и детей, оставшихся без попечения родителей, а также лиц из их числа» государственной программы Московской области Жилище» в 2016 году» (с предложениями по совершенствованию осуществления внутреннего финансового контроля и внутреннего финансового аудита) (совместно и параллельно с контрольно счетными органами муниципальных образований Московской области);2017;АДМИНИСТРАЦИЯ ГОРОДСКОГО ОКРУГА КОРОЛЁВ МОСКОВСКОЙ ОБЛАСТИ;Контрольное;10;919,2
Контрольное мероприятие Аудит реализации и эффективности мероприятий подпрограммы Обеспечение жильем детей сирот и детей, оставшихся без попечения родителей, а также лиц из их числа» государственной программы Московской области Жилище» в 2016 году» (с предложениями по совершенствованию осуществления внутреннего финансового контроля и внутреннего финансового аудита) (совместно и параллельно с контрольно счетными органами муниципальных образований Московской области);2017;АДМИНИСТРАЦИЯ ГОРОДСКОГО ОКРУГА МЫТИЩИ МОСКОВСКОЙ ОБЛАСТИ;Контрольное;11;2920,5
Контрольное мероприятие Аудит реализации и эффективности мероприятий Государственных программ Московской области Спорт Подмосковья» и Образование Подмосковья» в Министерстве физической культуры и спорта Московской области в 2015 – 2016 годах» (с предложениями по совершенствованию осуществления внутреннего финансового контроля и внутреннего финансового аудита, с элементами аудита в сфере закупок) (совместно с контрольно счетными органами муниципальных образований Московской области);2017;МИНИСТЕРСТВО ФИЗИЧЕСКОЙ КУЛЬТУРЫ И СПОРТА МОСКОВСКОЙ ОБЛАСТИ;Контрольное;156;66262,87
Контрольное мероприятие Аудит реализации и эффективности мероприятий Государственных программ Московской области Спорт Подмосковья» и Образование Подмосковья» в Министерстве физической культуры и спорта Московской области в 2015 – 2016 годах» (с предложениями по совершенствованию осуществления внутреннего финансового контроля и внутреннего финансового аудита, с элементами аудита в сфере закупок) (совместно с контрольно счетными органами муниципальных образований Московской области);2017;АДМИНИСТРАЦИЯ ГОРОДСКОГО ОКРУГА ПАВЛОВСКИЙ ПОСАД МОСКОВСКОЙ ОБЛАСТИ;Контрольное;12;8971,9
Контрольное мероприятие Аудит реализации и эффективности мероприятий Государственных программ Московской области Спорт Подмосковья» и Образование Подмосковья» в Министерстве физической культуры и спорта Московской области в 2015 – 2016 годах» (с предложениями по совершенствованию осуществления внутреннего финансового контроля и внутреннего финансового аудита, с элементами аудита в сфере закупок) (совместно с контрольно счетными органами муниципальных образований Московской области);2017;АДМИНИСТРАЦИЯ ГОРОДСКОГО ОКРУГА ЭЛЕКТРОГОРСК МОСКОВСКОЙ ОБЛАСТИ;Контрольное;15;2551,8
Контрольное мероприятие Аудит реализации и эффективности мероприятий Государственных программ Московской области Спорт Подмосковья» и Образование Подмосковья» в Министерстве физической культуры и спорта Московской области в 2015 – 2016 годах» (с предложениями по совершенствованию осуществления внутреннего финансового контроля и внутреннего финансового аудита, с элементами аудита в сфере закупок) (совместно с контрольно счетными органами муниципальных образований Московской области);2017;"ГОСУДАРСТВЕННОЕ АВТОНОМНОЕ УЧРЕЖДЕНИЕ МОСКОВСКОЙ ОБЛАСТИ ""ЦЕНТР СПОРТИВНОЙ ПОДГОТОВКИ ПО ИГРОВЫМ ВИДАМ СПОРТА № 4""";Контрольное;14;30723,34
Контрольное мероприятие Аудит реализации и эффективности мероприятий Государственных программ Московской области Спорт Подмосковья» и Образование Подмосковья» в Министерстве физической культуры и спорта Московской области в 2015 – 2016 годах» (с предложениями по совершенствованию осуществления внутреннего финансового контроля и внутреннего финансового аудита, с элементами аудита в сфере закупок) (совместно с контрольно счетными органами муниципальных образований Московской области);2017;АДМИНИСТРАЦИЯ ГОРОДСКОГО ОКРУГА ЕГОРЬЕВСК МОСКОВСКОЙ ОБЛАСТИ;Контрольное;18;1158,86
Контрольное мероприятие Аудит реализации и эффективности мероприятий Государственных программ Московской области Спорт Подмосковья» и Образование Подмосковья» в Министерстве физической культуры и спорта Московской области в 2015 – 2016 годах» (с предложениями по совершенствованию осуществления внутреннего финансового контроля и внутреннего финансового аудита, с элементами аудита в сфере закупок) (совместно с контрольно счетными органами муниципальных образований Московской области);2017;"ГОСУДАРСТВЕННОЕ БЮДЖЕТНОЕ УЧРЕЖДЕНИЕ МОСКОВСКОЙ ОБЛАСТИ ""СПОРТИВНАЯ ШКОЛА ОЛИМПИЙСКОГО РЕЗЕРВА ПО ХОККЕЮ""";Контрольное;62;141077,94
Контрольное мероприятие Аудит реализации и эффективности мероприятий Государственных программ Московской области Спорт Подмосковья» и Образование Подмосковья» в Министерстве физической культуры и спорта Московской области в 2015 – 2016 годах» (с предложениями по совершенствованию осуществления внутреннего финансового контроля и внутреннего финансового аудита, с элементами аудита в сфере закупок) (совместно с контрольно счетными органами муниципальных образований Московской области);2017;"МУНИЦИПАЛЬНОЕ УЧРЕЖДЕНИЕ ""АДМИНИСТРАЦИЯ ВОСКРЕСЕНСКОГО МУНИЦИПАЛЬНОГО РАЙОНА МОСКОВСКОЙ ОБЛАСТИ""";Контрольное;44;46186,85
Контрольное мероприятие Аудит реализации и эффективности мероприятий Государственных программ Московской области Спорт Подмосковья» и Образование Подмосковья» в Министерстве физической культуры и спорта Московской области в 2015 – 2016 годах» (с предложениями по совершенствованию осуществления внутреннего финансового контроля и внутреннего финансового аудита, с элементами аудита в сфере закупок) (совместно с контрольно счетными органами муниципальных образований Московской области);2017;АДМИНИСТРАЦИЯ РАМЕНСКОГО ГОРОДСКОГО ОКРУГА МОСКОВСКОЙ ОБЛАСТИ;Контрольное;28;2762,53
Контрольное мероприятие Аудит реализации и эффективности мероприятий Государственных программ Московской области Спорт Подмосковья» и Образование Подмосковья» в Министерстве физической культуры и спорта Московской области в 2015 – 2016 годах» (с предложениями по совершенствованию осуществления внутреннего финансового контроля и внутреннего финансового аудита, с элементами аудита в сфере закупок) (совместно с контрольно счетными органами муниципальных образований Московской области);2017;АДМИНИСТРАЦИЯ ГОРОДСКОГО ОКРУГА СОЛНЕЧНОГОРСК МОСКОВСКОЙ ОБЛАСТИ;Контрольное;13;4666,91
Контрольное мероприятие Аудит реализации и эффективности мероприятий Государственных программ Московской области Спорт Подмосковья» и Образование Подмосковья» в Министерстве физической культуры и спорта Московской области в 2015 – 2016 годах» (с предложениями по совершенствованию осуществления внутреннего финансового контроля и внутреннего финансового аудита, с элементами аудита в сфере закупок) (совместно с контрольно счетными органами муниципальных образований Московской области);2017;АДМИНИСТРАЦИЯ ГОРОДСКОГО ОКРУГА СЕРЕБРЯНЫЕ ПРУДЫ МОСКОВСКОЙ ОБЛАСТИ;Контрольное;13;1961,43
Контрольное мероприятие Проверка использования средств бюджета Московской области, выделенных в 2017 году на реализацию приоритетного проекта Обеспечение модернизации систем централизованного водоснабжения на муниципальном уровне» в рамках проверки целевого и эффективного использования средств бюджета Московской области, направленных в качестве взносов в уставные капиталы и субсидий юридическим лицам в 2016 2017 годах» (с предложениями по совершенствованию осуществления внутреннего финансового контроля и внутреннего финансового аудита, с элементами аудита в сфере закупок);2017;МИНИСТЕРСТВО ИМУЩЕСТВЕННЫХ ОТНОШЕНИЙ МОСКОВСКОЙ ОБЛАСТИ;Контрольное;12;0
Контрольное мероприятие Проверка использования средств бюджета Московской области, выделенных в 2017 году на реализацию приоритетного проекта Обеспечение модернизации систем централизованного водоснабжения на муниципальном уровне» в рамках проверки целевого и эффективного использования средств бюджета Московской области, направленных в качестве взносов в уставные капиталы и субсидий юридическим лицам в 2016 2017 годах» (с предложениями по совершенствованию осуществления внутреннего финансового контроля и внутреннего финансового аудита, с элементами аудита в сфере закупок);2017;МИНИСТЕРСТВО ЖИЛИЩНО-КОММУНАЛЬНОГО ХОЗЯЙСТВА МОСКОВСКОЙ ОБЛАСТИ;Контрольное;18;0
Контрольное мероприятие Проверка использования средств бюджета Московской области, выделенных в 2017 году на реализацию приоритетного проекта Обеспечение модернизации систем централизованного водоснабжения на муниципальном уровне» в рамках проверки целевого и эффективного использования средств бюджета Московской области, направленных в качестве взносов в уставные капиталы и субсидий юридическим лицам в 2016 2017 годах» (с предложениями по совершенствованию осуществления внутреннего финансового контроля и внутреннего финансового аудита, с элементами аудита в сфере закупок);2017;МИНИСТЕРСТВО ИНВЕСТИЦИЙ И ИННОВАЦИЙ МОСКОВСКОЙ ОБЛАСТИ;Контрольное;6;14101,97
Контрольное мероприятие Проверка использования средств бюджета Московской области, выделенных в 2017 году на реализацию приоритетного проекта Обеспечение модернизации систем централизованного водоснабжения на муниципальном уровне» в рамках проверки целевого и эффективного использования средств бюджета Московской области, направленных в качестве взносов в уставные капиталы и субсидий юридическим лицам в 2016 2017 годах» (с предложениями по совершенствованию осуществления внутреннего финансового контроля и внутреннего финансового аудита, с элементами аудита в сфере закупок);2017;"ГОСУДАРСТВЕННОЕ УНИТАРНОЕ ПРЕДПРИЯТИЕ МОСКОВСКОЙ ОБЛАСТИ ""КОММУНАЛЬНЫЕ СИСТЕМЫ МОСКОВСКОЙ ОБЛАСТИ""";Контрольное;17;41966,6
Аудит реализации и эффективности мероприятий по формированию открытости и прозрачности деятельности центральных исполнительных органов государственной власти Московской области подпрограмм Развитие системы информирования населения Московской области о деятельности органов государственной власти Московской области», Обеспечивающая подпрограмма» государственной программы Московской области Развитие институтов гражданского общества, повышение эффективности местного самоуправления и реализации молодежной политики в Московской области» (с предложениями по совершенствованию осуществления внутреннего финансового контроля и внутреннего финансового аудита, с элементами аудита в сфере закупок;2017;ГЛАВНОЕ УПРАВЛЕНИЕ ПО ИНФОРМАЦИОННОЙ ПОЛИТИКЕ МОСКОВСКОЙ ОБЛАСТИ;Контрольное;0;0
Аудит реализации и эффективности мероприятий по формированию открытости и прозрачности деятельности центральных исполнительных органов государственной власти Московской области подпрограмм Развитие системы информирования населения Московской области о деятельности органов государственной власти Московской области», Обеспечивающая подпрограмма» государственной программы Московской области Развитие институтов гражданского общества, повышение эффективности местного самоуправления и реализации молодежной политики в Московской области» (с предложениями по совершенствованию осуществления внутреннего финансового контроля и внутреннего финансового аудита, с элементами аудита в сфере закупок;2017;"ГОСУДАРСТВЕННОЕ АВТОНОМНОЕ УЧРЕЖДЕНИЕ МОСКОВСКОЙ ОБЛАСТИ ""ИЗДАТЕЛЬСКИЙ ДОМ ""ПОДМОСКОВЬЕ""";Контрольное;38;212991,01
Аудит реализации и эффективности мероприятий по формированию открытости и прозрачности деятельности центральных исполнительных органов государственной власти Московской области подпрограмм Развитие системы информирования населения Московской области о деятельности органов государственной власти Московской области», Обеспечивающая подпрограмма» государственной программы Московской области Развитие институтов гражданского общества, повышение эффективности местного самоуправления и реализации молодежной политики в Московской области» (с предложениями по совершенствованию осуществления внутреннего финансового контроля и внутреннего финансового аудита, с элементами аудита в сфере закупок;2017;"ГОСУДАРСТВЕННОЕ АВТОНОМНОЕ УЧРЕЖДЕНИЕ МОСКОВСКОЙ ОБЛАСТИ ""ТЕЛЕРАДИОВЕЩАТЕЛЬНАЯ КОМПАНИЯ ""РТВ-ПОДМОСКОВЬЕ""";Контрольное;35;81623,3
Аудит реализации и эффективности мероприятий по формированию открытости и прозрачности деятельности центральных исполнительных органов государственной власти Московской области подпрограмм Развитие системы информирования населения Московской области о деятельности органов государственной власти Московской области», Обеспечивающая подпрограмма» государственной программы Московской области Развитие институтов гражданского общества, повышение эффективности местного самоуправления и реализации молодежной политики в Московской области» (с предложениями по совершенствованию осуществления внутреннего финансового контроля и внутреннего финансового аудита, с элементами аудита в сфере закупок;2017;"ГОСУДАРСТВЕННОЕ АВТОНОМНОЕ УЧРЕЖДЕНИЕ МОСКОВСКОЙ ОБЛАСТИ ""ИЗДАТЕЛЬСТВО ""ПОДМОСКОВЬЕ""";Контрольное;15;21352,7
Аудит реализации и эффективности мероприятий по формированию открытости и прозрачности деятельности центральных исполнительных органов государственной власти Московской области подпрограмм Развитие системы информирования населения Московской области о деятельности органов государственной власти Московской области», Обеспечивающая подпрограмма» государственной программы Московской области Развитие институтов гражданского общества, повышение эффективности местного самоуправления и реализации молодежной политики в Московской области» (с предложениями по совершенствованию осуществления внутреннего финансового контроля и внутреннего финансового аудита, с элементами аудита в сфере закупок;2017;"ГОСУДАРСТВЕННОЕ АВТОНОМНОЕ УЧРЕЖДЕНИЕ МОСКОВСКОЙ ОБЛАСТИ ""АГЕНТСТВО ИНФОРМАЦИОННЫХ СИСТЕМ ОБЩЕГО ПОЛЬЗОВАНИЯ ""ПОДМОСКОВЬЕ""";Контрольное;0;0
Аудит реализации и эффективности мероприятий по формированию открытости и прозрачности деятельности центральных исполнительных органов государственной власти Московской области подпрограмм Развитие системы информирования населения Московской области о деятельности органов государственной власти Московской области», Обеспечивающая подпрограмма» государственной программы Московской области Развитие институтов гражданского общества, повышение эффективности местного самоуправления и реализации молодежной политики в Московской области» (с предложениями по совершенствованию осуществления внутреннего финансового контроля и внутреннего финансового аудита, с элементами аудита в сфере закупок;2017;"ГОСУДАРСТВЕННОЕ АВТОНОМНОЕ УЧРЕЖДЕНИЕ МОСКОВСКОЙ ОБЛАСТИ ""БАЛАШИХИНСКОЕ ИНФОРМАЦИОННОЕ АГЕНТСТВО МОСКОВСКОЙ ОБЛАСТИ""";Контрольное;0;0
Аудит реализации и эффективности мероприятий по формированию открытости и прозрачности деятельности центральных исполнительных органов государственной власти Московской области подпрограмм Развитие системы информирования населения Московской области о деятельности органов государственной власти Московской области», Обеспечивающая подпрограмма» государственной программы Московской области Развитие институтов гражданского общества, повышение эффективности местного самоуправления и реализации молодежной политики в Московской области» (с предложениями по совершенствованию осуществления внутреннего финансового контроля и внутреннего финансового аудита, с элементами аудита в сфере закупок;2017;"ГОСУДАРСТВЕННОЕ АВТОНОМНОЕ УЧРЕЖДЕНИЕ МОСКОВСКОЙ ОБЛАСТИ ""ОДИНЦОВСКОЕ ИНФОРМАЦИОННОЕ АГЕНТСТВО МОСКОВСКОЙ ОБЛАСТИ"" реорганизация";Контрольное;0;0
Аудит реализации и эффективности мероприятий по формированию открытости и прозрачности деятельности центральных исполнительных органов государственной власти Московской области подпрограмм Развитие системы информирования населения Московской области о деятельности органов государственной власти Московской области», Обеспечивающая подпрограмма» государственной программы Московской области Развитие институтов гражданского общества, повышение эффективности местного самоуправления и реализации молодежной политики в Московской области» (с предложениями по совершенствованию осуществления внутреннего финансового контроля и внутреннего финансового аудита, с элементами аудита в сфере закупок;2017;"ГОСУДАРСТВЕННОЕ АВТОНОМНОЕ УЧРЕЖДЕНИЕ МОСКОВСКОЙ ОБЛАСТИ ""РЕУТОВСКОЕ ИНФОРМАЦИОННОЕ АГЕНТСТВО МОСКОВСКОЙ ОБЛАСТИ""";Контрольное;0;0
Аудит реализации и эффективности мероприятий по формированию открытости и прозрачности деятельности центральных исполнительных органов государственной власти Московской области подпрограмм Развитие системы информирования населения Московской области о деятельности органов государственной власти Московской области», Обеспечивающая подпрограмма» государственной программы Московской области Развитие институтов гражданского общества, повышение эффективности местного самоуправления и реализации молодежной политики в Московской области» (с предложениями по совершенствованию осуществления внутреннего финансового контроля и внутреннего финансового аудита, с элементами аудита в сфере закупок;2017;"ГОСУДАРСТВЕННОЕ АВТОНОМНОЕ УЧРЕЖДЕНИЕ МОСКОВСКОЙ ОБЛАСТИ ""ИНФОРМАЦИОННОЕ АГЕНТСТВО РАМЕНСКОГО РАЙОНА МОСКОВСКОЙ ОБЛАСТИ""";Контрольное;0;0
Аудит реализации и эффективности мероприятий по формированию открытости и прозрачности деятельности центральных исполнительных органов государственной власти Московской области подпрограмм Развитие системы информирования населения Московской области о деятельности органов государственной власти Московской области», Обеспечивающая подпрограмма» государственной программы Московской области Развитие институтов гражданского общества, повышение эффективности местного самоуправления и реализации молодежной политики в Московской области» (с предложениями по совершенствованию осуществления внутреннего финансового контроля и внутреннего финансового аудита, с элементами аудита в сфере закупок;2017;"ГОСУДАРСТВЕННОЕ АВТОНОМНОЕ УЧРЕЖДЕНИЕ МОСКОВСКОЙ ОБЛАСТИ ""ДМИТРОВСКОЕ ИНФОРМАЦИОННОЕ АГЕНТСТВО МОСКОВСКОЙ ОБЛАСТИ""";Контрольное;0;0
Контрольное мероприятие Аудит реализации в Московской области приоритетных проектов по основному направлению стратегического развития Российской Федерации Здравоохранение» и мероприятий подпрограмм Профилактика заболеваний и формирование здорового образа жизни. Развитие первичной медико санитарной помощи», Охрана здоровья матери и ребенка», Обеспечивающая подпрограмма» государственной программы Московской области Здравоохранение Подмосковья» на 2014 2020 годы в Министерстве здравоохранения Московской области за 2016 год» (с предложениями по совершенствованию осуществления внутреннего финансового контроля и внутреннего финансового аудита, с элементами аудита в сфере закупок);2017;ТЕРРИТОРИАЛЬНЫЙ ФОНД ОБЯЗАТЕЛЬНОГО МЕДИЦИНСКОГО СТРАХОВАНИЯ МОСКОВСКОЙ ОБЛАСТИ;Контрольное;5;0
Контрольное мероприятие Аудит реализации в Московской области приоритетных проектов по основному направлению стратегического развития Российской Федерации Здравоохранение» и мероприятий подпрограмм Профилактика заболеваний и формирование здорового образа жизни. Развитие первичной медико санитарной помощи», Охрана здоровья матери и ребенка», Обеспечивающая подпрограмма» государственной программы Московской области Здравоохранение Подмосковья» на 2014 2020 годы в Министерстве здравоохранения Московской области за 2016 год» (с предложениями по совершенствованию осуществления внутреннего финансового контроля и внутреннего финансового аудита, с элементами аудита в сфере закупок);2017;МИНИСТЕРСТВО ЗДРАВООХРАНЕНИЯ МОСКОВСКОЙ ОБЛАСТИ;Контрольное;44;66228,01
Контрольное мероприятие Аудит реализации в Московской области приоритетных проектов по основному направлению стратегического развития Российской Федерации Здравоохранение» и мероприятий подпрограмм Профилактика заболеваний и формирование здорового образа жизни. Развитие первичной медико санитарной помощи», Охрана здоровья матери и ребенка», Обеспечивающая подпрограмма» государственной программы Московской области Здравоохранение Подмосковья» на 2014 2020 годы в Министерстве здравоохранения Московской области за 2016 год» (с предложениями по совершенствованию осуществления внутреннего финансового контроля и внутреннего финансового аудита, с элементами аудита в сфере закупок);2017;"ГОСУДАРСТВЕННОЕ БЮДЖЕТНОЕ УЧРЕЖДЕНИЕ ЗДРАВООХРАНЕНИЯ МОСКОВСКОЙ ОБЛАСТИ ""МОСКОВСКИЙ ОБЛАСТНОЙ ПЕРИНАТАЛЬНЫЙ ЦЕНТР""";Контрольное;22;6770,9
Контрольное мероприятие Аудит реализации в Московской области приоритетных проектов по основному направлению стратегического развития Российской Федерации Здравоохранение» и мероприятий подпрограмм Профилактика заболеваний и формирование здорового образа жизни. Развитие первичной медико санитарной помощи», Охрана здоровья матери и ребенка», Обеспечивающая подпрограмма» государственной программы Московской области Здравоохранение Подмосковья» на 2014 2020 годы в Министерстве здравоохранения Московской области за 2016 год» (с предложениями по совершенствованию осуществления внутреннего финансового контроля и внутреннего финансового аудита, с элементами аудита в сфере закупок);2017;"ГОСУДАРСТВЕННОЕ БЮДЖЕТНОЕ УЧРЕЖДЕНИЕ ЗДРАВООХРАНЕНИЯ МОСКОВСКОЙ ОБЛАСТИ ""КРАСНОГОРСКАЯ ГОРОДСКАЯ БОЛЬНИЦА № 1""";Контрольное;5;190,6
Контрольное мероприятие Аудит реализации и эффективности мероприятий, направленных на устойчивое развитие сельских территорий, государственной программы Московской области Сельское хозяйство Подмосковья» в 2016 году и текущем периоде 2017 года». Проверка выполнения мероприятий приоритетного проекта по основному направлению стратегического развития Российской Федерации Малый бизнес и поддержка индивидуальной предпринимательской инициативы» в части развития сельскохозяйственной кооперации в Московской области» (с предложениями по совершенствованию осуществления внутреннего финансового контроля и внутреннего финансового аудита) (совместно с контрольно счетными органами муниципальных образований Московской области);2017;МИНИСТЕРСТВО СТРОИТЕЛЬНОГО КОМПЛЕКСА МОСКОВСКОЙ ОБЛАСТИ;Контрольное;12;57019,55
Контрольное мероприятие Аудит реализации и эффективности мероприятий, направленных на устойчивое развитие сельских территорий, государственной программы Московской области Сельское хозяйство Подмосковья» в 2016 году и текущем периоде 2017 года». Проверка выполнения мероприятий приоритетного проекта по основному направлению стратегического развития Российской Федерации Малый бизнес и поддержка индивидуальной предпринимательской инициативы» в части развития сельскохозяйственной кооперации в Московской области» (с предложениями по совершенствованию осуществления внутреннего финансового контроля и внутреннего финансового аудита) (совместно с контрольно счетными органами муниципальных образований Московской области);2017;АДМИНИСТРАЦИЯ ГОРОДСКОГО ОКРУГА ЛОТОШИНО МОСКОВСКОЙ ОБЛАСТИ;Контрольное;7;537,6
Контрольное мероприятие Аудит реализации и эффективности мероприятий, направленных на устойчивое развитие сельских территорий, государственной программы Московской области Сельское хозяйство Подмосковья» в 2016 году и текущем периоде 2017 года». Проверка выполнения мероприятий приоритетного проекта по основному направлению стратегического развития Российской Федерации Малый бизнес и поддержка индивидуальной предпринимательской инициативы» в части развития сельскохозяйственной кооперации в Московской области» (с предложениями по совершенствованию осуществления внутреннего финансового контроля и внутреннего финансового аудита) (совместно с контрольно счетными органами муниципальных образований Московской области);2017;АДМИНИСТРАЦИЯ ГОРОДСКОГО ОКРУГА ЛОТОШИНО МОСКОВСКОЙ ОБЛАСТИ;Контрольное;2;0
Контрольное мероприятие Аудит реализации и эффективности мероприятий, направленных на устойчивое развитие сельских территорий, государственной программы Московской области Сельское хозяйство Подмосковья» в 2016 году и текущем периоде 2017 года». Проверка выполнения мероприятий приоритетного проекта по основному направлению стратегического развития Российской Федерации Малый бизнес и поддержка индивидуальной предпринимательской инициативы» в части развития сельскохозяйственной кооперации в Московской области» (с предложениями по совершенствованию осуществления внутреннего финансового контроля и внутреннего финансового аудита) (совместно с контрольно счетными органами муниципальных образований Московской области);2017;АДМИНИСТРАЦИЯ СТУПИНСКОГО МУНИЦИПАЛЬНОГО РАЙОНА;Контрольное;15;28158,2
Контрольное мероприятие Аудит реализации и эффективности мероприятий, направленных на устойчивое развитие сельских территорий, государственной программы Московской области Сельское хозяйство Подмосковья» в 2016 году и текущем периоде 2017 года». Проверка выполнения мероприятий приоритетного проекта по основному направлению стратегического развития Российской Федерации Малый бизнес и поддержка индивидуальной предпринимательской инициативы» в части развития сельскохозяйственной кооперации в Московской области» (с предложениями по совершенствованию осуществления внутреннего финансового контроля и внутреннего финансового аудита) (совместно с контрольно счетными органами муниципальных образований Московской области);2017;АДМИНИСТРАЦИЯ СЕРПУХОВСКОГО МУНИЦИПАЛЬНОГО РАЙОНА МОСКОВСКОЙ ОБЛАСТИ;Контрольное;3;0
Контрольное мероприятие Аудит реализации и эффективности мероприятий, направленных на устойчивое развитие сельских территорий, государственной программы Московской области Сельское хозяйство Подмосковья» в 2016 году и текущем периоде 2017 года». Проверка выполнения мероприятий приоритетного проекта по основному направлению стратегического развития Российской Федерации Малый бизнес и поддержка индивидуальной предпринимательской инициативы» в части развития сельскохозяйственной кооперации в Московской области» (с предложениями по совершенствованию осуществления внутреннего финансового контроля и внутреннего финансового аудита) (совместно с контрольно счетными органами муниципальных образований Московской области);2017;АДМИНИСТРАЦИЯ ГОРОДСКОГО ОКРУГА ШАХОВСКАЯ МОСКОВСКОЙ ОБЛАСТИ;Контрольное;13;0
Контрольное мероприятие Аудит реализации и эффективности мероприятий, направленных на устойчивое развитие сельских территорий, государственной программы Московской области Сельское хозяйство Подмосковья» в 2016 году и текущем периоде 2017 года». Проверка выполнения мероприятий приоритетного проекта по основному направлению стратегического развития Российской Федерации Малый бизнес и поддержка индивидуальной предпринимательской инициативы» в части развития сельскохозяйственной кооперации в Московской области» (с предложениями по совершенствованию осуществления внутреннего финансового контроля и внутреннего финансового аудита) (совместно с контрольно счетными органами муниципальных образований Московской области);2017;"МУНИЦИПАЛЬНОЕ БЮДЖЕТНОЕ УЧРЕЖДЕНИЕ ""ДМИТРОВСКОЕ УПРАВЛЕНИЕ КАПИТАЛЬНОГО СТРОИТЕЛЬСТВА И РЕМОНТА""";Контрольное;6;842,4
Контрольное мероприятие Аудит реализации и эффективности мероприятий, направленных на устойчивое развитие сельских территорий, государственной программы Московской области Сельское хозяйство Подмосковья» в 2016 году и текущем периоде 2017 года». Проверка выполнения мероприятий приоритетного проекта по основному направлению стратегического развития Российской Федерации Малый бизнес и поддержка индивидуальной предпринимательской инициативы» в части развития сельскохозяйственной кооперации в Московской области» (с предложениями по совершенствованию осуществления внутреннего финансового контроля и внутреннего финансового аудита) (совместно с контрольно счетными органами муниципальных образований Московской области);2017;АДМИНИСТРАЦИЯ БОГОРОДСКОГО ГОРОДСКОГО ОКРУГА МОСКОВСКОЙ ОБЛАСТИ;Контрольное;0;0
Контрольное мероприятие Аудит реализации и эффективности мероприятий, направленных на устойчивое развитие сельских территорий, государственной программы Московской области Сельское хозяйство Подмосковья» в 2016 году и текущем периоде 2017 года». Проверка выполнения мероприятий приоритетного проекта по основному направлению стратегического развития Российской Федерации Малый бизнес и поддержка индивидуальной предпринимательской инициативы» в части развития сельскохозяйственной кооперации в Московской области» (с предложениями по совершенствованию осуществления внутреннего финансового контроля и внутреннего финансового аудита) (совместно с контрольно счетными органами муниципальных образований Московской области);2017;АДМИНИСТРАЦИЯ ДМИТРОВСКОГО ГОРОДСКОГО ОКРУГА МОСКОВСКОЙ ОБЛАСТИ;Контрольное;8;10755,5
Контрольное мероприятие Аудит реализации и эффективности мероприятий, направленных на устойчивое развитие сельских территорий, государственной программы Московской области Сельское хозяйство Подмосковья» в 2016 году и текущем периоде 2017 года». Проверка выполнения мероприятий приоритетного проекта по основному направлению стратегического развития Российской Федерации Малый бизнес и поддержка индивидуальной предпринимательской инициативы» в части развития сельскохозяйственной кооперации в Московской области» (с предложениями по совершенствованию осуществления внутреннего финансового контроля и внутреннего финансового аудита) (совместно с контрольно счетными органами муниципальных образований Московской области);2017;МИНИСТЕРСТВО ТРАНСПОРТА И ДОРОЖНОЙ ИНФРАСТРУКТУРЫ МОСКОВСКОЙ ОБЛАСТИ;Контрольное;0;0
Контрольное мероприятие Аудит реализации и эффективности мероприятий, направленных на устойчивое развитие сельских территорий, государственной программы Московской области Сельское хозяйство Подмосковья» в 2016 году и текущем периоде 2017 года». Проверка выполнения мероприятий приоритетного проекта по основному направлению стратегического развития Российской Федерации Малый бизнес и поддержка индивидуальной предпринимательской инициативы» в части развития сельскохозяйственной кооперации в Московской области» (с предложениями по совершенствованию осуществления внутреннего финансового контроля и внутреннего финансового аудита) (совместно с контрольно счетными органами муниципальных образований Московской области);2017;МИНИСТЕРСТВО СЕЛЬСКОГО ХОЗЯЙСТВА И ПРОДОВОЛЬСТВИЯ МОСКОВСКОЙ ОБЛАСТИ;Контрольное;0;0
Контрольное мероприятие Проверка устранения нарушений при реализации адресной программы Московской области Переселение граждан из аварийного жилищного фонда в Московской области на 2013 2015 годы», выявленных Контрольно счетной палатой Московской области при проведении в 2016 году контрольного мероприятия в Министерстве строительного комплекса Московской области и администрации Пушкинского муниципального района»;2017;МИНИСТЕРСТВО СТРОИТЕЛЬНОГО КОМПЛЕКСА МОСКОВСКОЙ ОБЛАСТИ;Контрольное;3;0
Контрольное мероприятие Проверка устранения нарушений при реализации адресной программы Московской области Переселение граждан из аварийного жилищного фонда в Московской области на 2013 2015 годы», выявленных Контрольно счетной палатой Московской области при проведении в 2016 году контрольного мероприятия в Министерстве строительного комплекса Московской области и администрации Пушкинского муниципального района»;2017;АДМИНИСТРАЦИЯ ПУШКИНСКОГО МУНИЦИПАЛЬНОГО РАЙОНА МОСКОВСКОЙ ОБЛАСТИ;Контрольное;1;44153,73
Контрольное мероприятие Проверка целевого и эффективного использования бюджетных средств, направленных в 2015 2016 годах на подготовку к проведению Чемпионата мира по футболу в 2018 году в Российской Федерации» (с элементами аудита в сфере закупок);2017;МИНИСТЕРСТВО СТРОИТЕЛЬНОГО КОМПЛЕКСА МОСКОВСКОЙ ОБЛАСТИ;Контрольное;5;0
Контрольное мероприятие Проверка целевого и эффективного использования бюджетных средств, направленных в 2015 2016 годах на подготовку к проведению Чемпионата мира по футболу в 2018 году в Российской Федерации» (с элементами аудита в сфере закупок);2017;АДМИНИСТРАЦИЯ НАРО-ФОМИНСКОГО ГОРОДСКОГО ОКРУГА;Контрольное;6;3063,7
Контрольное мероприятие Проверка целевого и эффективного использования бюджетных средств, направленных в 2015 2016 годах на подготовку к проведению Чемпионата мира по футболу в 2018 году в Российской Федерации» (с элементами аудита в сфере закупок);2017;АДМИНИСТРАЦИЯ ГОРОДСКОГО ОКРУГА СОЛНЕЧНОГОРСК МОСКОВСКОЙ ОБЛАСТИ;Контрольное;7;11999,7
Контрольное мероприятие Проверка целевого и эффективного использования бюджетных средств, направленных в 2015 2016 годах на подготовку к проведению Чемпионата мира по футболу в 2018 году в Российской Федерации» (с элементами аудита в сфере закупок);2017;АДМИНИСТРАЦИЯ ГОРОДСКОГО ОКРУГА ДОМОДЕДОВО МОСКОВСКОЙ ОБЛАСТИ;Контрольное;4;2294,27
Контрольное мероприятие Проверка целевого и эффективного использования бюджетных средств, направленных в 2015 2016 годах на подготовку к проведению Чемпионата мира по футболу в 2018 году в Российской Федерации» (с элементами аудита в сфере закупок);2017;АДМИНИСТРАЦИЯ ГОРОДСКОГО ОКРУГА ХИМКИ МОСКОВСКОЙ ОБЛАСТИ;Контрольное;6;4335,4
Контрольное мероприятие Проверка использования средств бюджета Московской области, выделенных в 2016 году и истекшем периоде 2017 года на исполнение мероприятий подпрограмм Модернизация объектов коммунальной инфраструктуры» государственных программ Московской области Развитие жилищно коммунального хозяйства» на 2014 2018 годы и Развитие жилищно коммунального хозяйства» на 2017 2021 годы по созданию или модернизации объектов коммунальной инфраструктуры в Рузском муниципальном районе с участием средств государственной корпорации Фонд содействия реформированию жилищно коммунального хозяйства» (с предложениями по совершенствованию осуществления внутреннего финансового контроля и внутреннего финансового аудита, с элементами аудита в сфере закупок);2017;МИНИСТЕРСТВО ЖИЛИЩНО-КОММУНАЛЬНОГО ХОЗЯЙСТВА МОСКОВСКОЙ ОБЛАСТИ;Контрольное;0;0
Контрольное мероприятие Проверка использования средств бюджета Московской области, выделенных в 2016 году и истекшем периоде 2017 года на исполнение мероприятий подпрограмм Модернизация объектов коммунальной инфраструктуры» государственных программ Московской области Развитие жилищно коммунального хозяйства» на 2014 2018 годы и Развитие жилищно коммунального хозяйства» на 2017 2021 годы по созданию или модернизации объектов коммунальной инфраструктуры в Рузском муниципальном районе с участием средств государственной корпорации Фонд содействия реформированию жилищно коммунального хозяйства» (с предложениями по совершенствованию осуществления внутреннего финансового контроля и внутреннего финансового аудита, с элементами аудита в сфере закупок);2017;АДМИНИСТРАЦИЯ РУЗСКОГО ГОРОДСКОГО ОКРУГА МОСКОВСКОЙ ОБЛАСТИ;Контрольное;2;0
